,precision,recall,f1-score,support
World,0.9287245444801715,0.9121052631578948,0.920339883165162,1900.0
Sports,0.955200823892894,0.9763157894736842,0.9656428943258719,1900.0
Business,0.8813916710595677,0.88,0.8806952857519094,1900.0
Sci/Tech,0.8886543535620053,0.8863157894736842,0.8874835309617918,1900.0
accuracy,0.9136842105263158,0.9136842105263158,0.9136842105263158,0.9136842105263158
macro avg,0.9134928482486596,0.9136842105263159,0.9135403985511839,7600.0
weighted avg,0.9134928482486596,0.9136842105263158,0.9135403985511839,7600.0
